window,slope,intercept,r2,d_est,abs_error,rel_error,iteration
full,-1.1101424107860263,0.4371267067541744,0.9981439267343114,1.1101424107860263,0.15171709635688857,0.12023295422198337,3
coarse,-1.201858105779133,0.24834964164308282,0.9977663914826143,1.201858105779133,0.06000140136378174,0.047549985576156646,3
fine,-1.0254250890678578,0.9049589272208696,0.99992736928976,1.0254250890678578,0.23643441807505705,0.18736984326439687,3
slide_1_to_5,-1.201858105779133,0.24834964164308282,0.9977663914826143,1.201858105779133,0.06000140136378174,0.047549985576156646,3
slide_2_to_6,-1.184001998294013,0.27688132853478953,0.9971579836057036,1.184001998294013,0.07785750884890175,0.06170061596253743,3
slide_3_to_7,-1.1568474377932592,0.33834299337113194,0.995672843192519,1.1568474377932592,0.10501206934965568,0.08322009602116687,3
slide_4_to_8,-1.0974455338760398,0.562159010372751,0.9948217406411081,1.0974455338760398,0.164413973266875,0.1302949911112838,3
slide_5_to_9,-1.0211344828974538,0.933736029062687,0.9998499340661882,1.0211344828974538,0.24072502424546105,0.19077006820712344,3
slide_6_to_10,-1.0254250890678578,0.9049589272208696,0.99992736928976,1.0254250890678578,0.23643441807505705,0.18736984326439687,3
