window,slope,intercept,r2,rmse,max_residual,d_est,abs_error,rel_error,std_err,iteration
full,-1.251398088918501,0.15944915846858798,0.9993190589397201,0.06503551727850618,0.1325538253699583,1.251398088918501,0.010461418224413821,0.008290477795028403,0.011549233716793903,6
coarse,-1.208270347625593,0.2394603869291987,0.9972892764427742,0.061749950923552344,0.09298956470617714,1.208270347625593,0.053589159517321905,0.042468404140059736,0.03636934926346108,6
fine,-1.2596472768034859,0.12337633625618238,0.9982933974074363,0.05105361654508644,0.06112555936695507,1.2596472768034859,0.0022122303394289666,0.0017531510654762736,0.030069445943197062,6
slide_1_to_5,-1.208270347625593,0.2394603869291987,0.9972892764427742,0.061749950923552344,0.09298956470617714,1.208270347625593,0.053589159517321905,0.042468404140059736,0.03636934926346108,6
slide_2_to_6,-1.228829758283283,0.1858869358711197,0.9975234477034877,0.06001977652344881,0.09641890377350615,1.228829758283283,0.033029748859631836,0.026175456675376917,0.035350314979172896,6
slide_3_to_7,-1.2930432936574268,-0.02040251237225643,0.998424815542728,0.05034560343448333,0.0681671795236265,1.2930432936574268,0.031183786514511924,0.024712566127997743,0.029652441950200923,6
slide_4_to_8,-1.3022116343351016,-0.07199994655432285,0.9987058094370376,0.04595178182959938,0.06973783891250207,1.3022116343351016,0.040352127192186726,0.03197830421197322,0.02706457863760863,6
slide_5_to_9,-1.2797901736742812,0.042243178545245286,0.999181347721412,0.03590928919124987,0.06143597403007384,1.2797901736742812,0.017930666531366324,0.014209717032575755,0.021149773576595,6
slide_6_to_10,-1.2596472768034859,0.12337633625618238,0.9982933974074363,0.05105361654508644,0.06112555936695507,1.2596472768034859,0.0022122303394289666,0.0017531510654762736,0.030069445943197062,6
