window,slope,intercept,r2,d_est,abs_error,rel_error,iteration
full,-1.051786399043797,0.4776850904278902,0.9992379315420362,1.051786399043797,0.21007310809911783,0.16647899937352179,2
coarse,-1.1097749985183996,0.3630827608450353,0.9982457173463116,1.1097749985183996,0.15208450862451528,0.12052412155523,2
fine,-1.015371764219948,0.6736291289935901,0.999968134855773,1.015371764219948,0.24648774292296682,0.1953369147101495,2
slide_1_to_5,-1.1097749985183996,0.3630827608450353,0.9982457173463116,1.1097749985183996,0.15208450862451528,0.12052412155523,2
slide_2_to_6,-1.0697488888056825,0.4631686578614298,0.9984121341804539,1.0697488888056825,0.1921106183372323,0.15224406302743368,2
slide_3_to_7,-1.0547818331864325,0.5047888280623494,0.9981709198515001,1.0547818331864325,0.20707767395648236,0.16410517397879326,2
slide_4_to_8,-1.0469479611462875,0.5269868537984266,0.9979859960119286,1.0469479611462875,0.21491154599662732,0.1703133706883321,2
slide_5_to_9,-1.0063664459837052,0.7269841975342359,0.9997998102710131,1.0063664459837052,0.25549306115920967,0.20247346056590212,2
slide_6_to_10,-1.015371764219948,0.6736291289935901,0.999968134855773,1.015371764219948,0.24648774292296682,0.1953369147101495,2
