window,slope,intercept,r2,rmse,max_residual,d_est,abs_error,rel_error,std_err,iteration
full,-1.2166588333828838,0.2388544535960877,0.9990710285763296,0.07386254092849531,0.12886849782332455,1.2166588333828838,0.04520067376003101,0.035820686458489945,0.01311676732647705,5
coarse,-1.208270347625593,0.2394603869291987,0.9972892764427742,0.061749950923552344,0.09298956470617714,1.208270347625593,0.053589159517321905,0.042468404140059736,0.03636934926346108,5
fine,-1.1643191184974604,0.5459248924516187,0.9970674254945021,0.06189773409933869,0.08488706994387574,1.1643191184974604,0.09754038864545445,0.07729892915440648,0.0364563902708632,5
slide_1_to_5,-1.208270347625593,0.2394603869291987,0.9972892764427742,0.061749950923552344,0.09298956470617714,1.208270347625593,0.053589159517321905,0.042468404140059736,0.03636934926346108,5
slide_2_to_6,-1.228829758283283,0.1858869358711197,0.9975234477034877,0.06001977652344881,0.09641890377350615,1.228829758283283,0.033029748859631836,0.026175456675376917,0.035350314979172896,5
slide_3_to_7,-1.2887124204831493,-0.008394782251804678,0.9985249223959033,0.04855393730687142,0.06816717952362561,1.2887124204831493,0.02685291334023443,0.021280430339693228,0.02859719040450314,5
slide_4_to_8,-1.2777840385230077,0.011158683005676018,0.9980740975688901,0.05502165710334393,0.07123880517755676,1.2777840385230077,0.015924531380092866,0.012619892539502256,0.032406533678437065,5
slide_5_to_9,-1.2107992288660874,0.31845104283295367,0.99857746789921,0.04479739406410196,0.07770288703655481,1.2107992288660874,0.051060278276827464,0.04046431317257929,0.026384669889491206,5
slide_6_to_10,-1.1643191184974604,0.5459248924516187,0.9970674254945021,0.06189773409933869,0.08488706994387574,1.1643191184974604,0.09754038864545445,0.07729892915440648,0.0364563902708632,5
