window,slope,intercept,r2,d_est,abs_error,rel_error,iteration
full,-1.2513980889185008,0.15944915846858887,0.9993190589397198,1.2513980889185008,0.010461418224414043,0.00829047779502858,6
coarse,-1.208270347625593,0.2394603869291987,0.9972892764427742,1.208270347625593,0.053589159517321905,0.042468404140059736,6
fine,-1.2596472768034859,0.12337633625618238,0.9982933974074363,1.2596472768034859,0.0022122303394289666,0.0017531510654762736,6
slide_1_to_5,-1.208270347625593,0.2394603869291987,0.9972892764427742,1.208270347625593,0.053589159517321905,0.042468404140059736,6
slide_2_to_6,-1.228829758283283,0.1858869358711197,0.9975234477034877,1.228829758283283,0.033029748859631836,0.026175456675376917,6
slide_3_to_7,-1.2930432936574268,-0.02040251237225643,0.998424815542728,1.2930432936574268,0.031183786514511924,0.024712566127997743,6
slide_4_to_8,-1.3022116343351016,-0.07199994655432285,0.9987058094370376,1.3022116343351016,0.040352127192186726,0.03197830421197322,6
slide_5_to_9,-1.2797901736742812,0.042243178545245286,0.999181347721412,1.2797901736742812,0.017930666531366324,0.014209717032575755,6
slide_6_to_10,-1.2596472768034859,0.12337633625618238,0.9982933974074363,1.2596472768034859,0.0022122303394289666,0.0017531510654762736,6
