window,slope,intercept,r2,rmse,max_residual,d_est,abs_error,rel_error,std_err,iteration
full,-0.9930640072000636,0.48082721935903594,0.9996488359840073,0.03705620566347563,0.08840389628370682,0.9930640072000636,0.26879549994285123,0.21301539388600746,0.006580570091145723,1
coarse,-0.9954288645824256,0.4781379922963733,0.9971825193312492,0.051867322919718455,0.08781473489234815,0.9954288645824256,0.2664306425604892,0.21114128875070876,0.03054870092064314,1
fine,-0.9987362438175993,0.44714530518935636,0.9999896878619658,0.0031438938022037397,0.00477675517121412,0.9987362438175993,0.26312326332531555,0.2085202527190017,0.0018516836050603322,1
slide_1_to_5,-0.9954288645824256,0.4781379922963733,0.9971825193312492,0.051867322919718455,0.08781473489234815,0.9954288645824256,0.2664306425604892,0.21114128875070876,0.03054870092064314,1
slide_2_to_6,-0.9616419007067877,0.583148215827392,0.9994020531042672,0.023057649128956675,0.030509879692058206,0.9616419007067877,0.30021760643612716,0.237916824128762,0.013580443090611283,1
slide_3_to_7,-0.9857833803877037,0.5013922270951578,0.9998933400707257,0.00998034969894704,0.015688285261313162,0.9857833803877037,0.2760761267552111,0.21878515412567515,0.005878204250255865,1
slide_4_to_8,-0.9963778445041356,0.4578355033906094,0.9999931135545164,0.0025630883293333248,0.0040239285291345794,0.9963778445041356,0.26548166263877926,0.21038923995578496,0.0015096020846224333,1
slide_5_to_9,-0.9967417022104701,0.4570750883730641,0.999992189788565,0.0027305880123663405,0.005028962114484337,0.9967417022104701,0.26511780493244474,0.21010088954571565,0.0016082556768005876,1
slide_6_to_10,-0.9987362438175993,0.44714530518935636,0.9999896878619658,0.0031438938022037397,0.00477675517121412,0.9987362438175993,0.26312326332531555,0.2085202527190017,0.0018516836050603322,1
