window,slope,intercept,r2,rmse,max_residual,d_est,abs_error,rel_error,std_err,iteration
full,-1.0517863990437974,0.4776850904278893,0.9992379315420362,0.05782857934405625,0.11120752892684127,1.0517863990437974,0.2100731080991174,0.16647899937352142,0.010269400572222523,2
coarse,-1.1097749985183996,0.3630827608450353,0.9982457173463116,0.04560436912360761,0.07273657597434546,1.1097749985183996,0.15208450862451528,0.12052412155523,0.02685996027186482,2
fine,-1.015371764219948,0.6736291289935901,0.999968134855773,0.005618629627195445,0.007689075445449056,1.015371764219948,0.24648774292296682,0.1953369147101495,0.0033092480275344846,2
slide_1_to_5,-1.1097749985183996,0.3630827608450353,0.9982457173463116,0.04560436912360761,0.07273657597434546,1.1097749985183996,0.15208450862451528,0.12052412155523,0.02685996027186482,2
slide_2_to_6,-1.0697488888056825,0.4631686578614298,0.9984121341804539,0.041819061069663745,0.0634707158218637,1.0697488888056825,0.1921106183372323,0.15224406302743368,0.024630497922101747,2
slide_3_to_7,-1.0547818331864325,0.5047888280623494,0.9981709198515001,0.04426057091763501,0.07372240763977889,1.0547818331864325,0.20707767395648236,0.16410517397879326,0.026068492982229623,2
slide_4_to_8,-1.0469479611462875,0.5269868537984266,0.9979859960119286,0.0461034572453373,0.07867451349117172,1.0469479611462875,0.21491154599662732,0.1703133706883321,0.027153912087874408,2
slide_5_to_9,-1.0063664459837052,0.7269841975342359,0.9997998102710131,0.013959214408063808,0.02199545717490814,1.0063664459837052,0.25549306115920967,0.20247346056590212,0.00822166716988965,2
slide_6_to_10,-1.015371764219948,0.6736291289935901,0.999968134855773,0.005618629627195445,0.007689075445449056,1.015371764219948,0.24648774292296682,0.1953369147101495,0.0033092480275344846,2
