window,slope,intercept,r2,d_est,abs_error,rel_error,iteration
full,-1.2166588333828834,0.23885445359608948,0.9990710285763287,1.2166588333828834,0.04520067376003145,0.0358206864584903,5
coarse,-1.208270347625593,0.2394603869291987,0.9972892764427742,1.208270347625593,0.053589159517321905,0.042468404140059736,5
fine,-1.1643191184974604,0.5459248924516187,0.9970674254945021,1.1643191184974604,0.09754038864545445,0.07729892915440648,5
slide_1_to_5,-1.208270347625593,0.2394603869291987,0.9972892764427742,1.208270347625593,0.053589159517321905,0.042468404140059736,5
slide_2_to_6,-1.228829758283283,0.1858869358711197,0.9975234477034877,1.228829758283283,0.033029748859631836,0.026175456675376917,5
slide_3_to_7,-1.2887124204831493,-0.008394782251804678,0.9985249223959033,1.2887124204831493,0.02685291334023443,0.021280430339693228,5
slide_4_to_8,-1.277784038523008,0.01115868300567513,0.9980740975688905,1.277784038523008,0.015924531380093088,0.012619892539502433,5
slide_5_to_9,-1.2107992288660874,0.31845104283295367,0.99857746789921,1.2107992288660874,0.051060278276827464,0.04046431317257929,5
slide_6_to_10,-1.1643191184974604,0.5459248924516187,0.9970674254945021,1.1643191184974604,0.09754038864545445,0.07729892915440648,5
