window,slope,intercept,r2,rmse,max_residual,d_est,abs_error,rel_error,std_err,iteration
full,-1.1101424107860265,0.43712670675417353,0.9981439267343118,0.09530860281345366,0.20404925269619234,1.1101424107860265,0.15171709635688835,0.12023295422198318,0.016925233705757523,3
coarse,-1.201858105779133,0.24834964164308282,0.9977663914826143,0.055742025887802166,0.08410030999229301,1.201858105779133,0.06000140136378174,0.047549985576156646,0.0328308148888446,3
fine,-1.0254250890678578,0.9049589272208696,0.99992736928976,0.008566833290141152,0.010526684183238544,1.0254250890678578,0.23643441807505705,0.18736984326439687,0.005045674488018788,3
slide_1_to_5,-1.201858105779133,0.24834964164308282,0.9977663914826143,0.055742025887802166,0.08410030999229301,1.201858105779133,0.06000140136378174,0.047549985576156646,0.0328308148888446,3
slide_2_to_6,-1.184001998294013,0.27688132853478953,0.9971579836057036,0.061961824641218334,0.10831680672316857,1.184001998294013,0.07785750884890175,0.06170061596253743,0.03649413817620136,3
slide_3_to_7,-1.1568474377932592,0.33834299337113194,0.995672843192519,0.07475832008148892,0.14096567713903596,1.1568474377932592,0.10501206934965568,0.08322009602116687,0.0440309897049028,3
slide_4_to_8,-1.0974455338760398,0.562159010372751,0.9948217406411081,0.07761447065603591,0.12302097123798372,1.0974455338760398,0.164413973266875,0.1302949911112838,0.04571319894136572,3
slide_5_to_9,-1.0211344828974538,0.933736029062687,0.9998499340661879,0.012263009013317642,0.02145965660560467,1.0211344828974538,0.24072502424546105,0.19077006820712344,0.0072226398751084366,3
slide_6_to_10,-1.0254250890678578,0.9049589272208696,0.99992736928976,0.008566833290141152,0.010526684183238544,1.0254250890678578,0.23643441807505705,0.18736984326439687,0.005045674488018788,3
