window,slope,intercept,r2,rmse,max_residual,d_est,abs_error,rel_error,std_err,iteration
full,-1.7031712736247053,0.058301079114340126,0.9962036317211308,0.20932488749698264,0.3705884669961046,1.7031712736247053,0.11820877290354903,0.07458143195802056,0.0371726427283016,3
coarse,-1.4953536863574508,0.49078928775371145,0.9984286704134185,0.05815131054137071,0.0821484330418012,1.4953536863574508,0.08960881436370549,0.05653686716432318,0.03424983002537736,3
fine,-1.9122284410049808,-1.1013016946337189,0.9997849001778009,0.02749457248529789,0.03509882234937667,1.9122284410049808,0.3272659402838245,0.20648181905560467,0.01619369237725579,3
slide_1_to_5,-1.4953536863574508,0.49078928775371145,0.9984286704134185,0.05815131054137071,0.0821484330418012,1.4953536863574508,0.08960881436370549,0.05653686716432318,0.03424983002537736,3
slide_2_to_6,-1.5819049594263699,0.26973675852802526,0.9996993261856953,0.02689267171141321,0.037837108761388016,1.5819049594263699,0.0030575412947864145,0.0019290937756541472,0.015839186193216843,3
slide_3_to_7,-1.6522328003703994,0.06365459677733032,0.9987385955412592,0.05755896323917746,0.07531112315083632,1.6522328003703994,0.06727029964924314,0.04244283358037507,0.03390095062390878,3
slide_4_to_8,-1.7468297074712218,-0.2921792720037333,0.9984432628897529,0.06761405332895476,0.08614960537794403,1.7468297074712218,0.1618672067500655,0.10212683686611897,0.0398231753039463,3
slide_5_to_9,-1.8441436527039665,-0.738730549419806,0.9992709653756292,0.048827855435290245,0.06444338372966119,1.8441436527039665,0.2591811519828102,0.1635251003508809,0.02875852209680347,3
slide_6_to_10,-1.9122284410049808,-1.1013016946337189,0.9997849001778009,0.02749457248529789,0.03509882234937667,1.9122284410049808,0.3272659402838245,0.20648181905560467,0.01619369237725579,3
