window,mean_D_est,std_D_est,MAE,MRE,mean_std_err
coarse,1.537033800582152,0.05783631043112336,0.06646310716247188,0.04193355182361175,0.04363727991007938
fine,1.8504351561943944,0.12156353238200959,0.2654726554732381,0.16749459709769055,0.019372061896938884
full,1.6982977606131204,0.0759761733088511,0.11333525989196451,0.07150658759459426,0.030465692124219162
slide_1_to_5,1.537033800582152,0.05783631043112336,0.06646310716247188,0.04193355182361175,0.04363727991007938
slide_2_to_6,1.6192969867768348,0.05701790212429121,0.042980493221911255,0.027117671996880168,0.023170435578302253
slide_3_to_7,1.6779974083209985,0.09077705014425268,0.09303490759984223,0.058698491325511776,0.02611515899579968
slide_4_to_8,1.731302025839503,0.1252026904857567,0.146339525118347,0.09232996052068278,0.024918428857308217
slide_5_to_9,1.7914914615657642,0.1364846392018187,0.206528960844608,0.13030526637105772,0.021207107770441578
slide_6_to_10,1.8504351561943944,0.12156353238200959,0.2654726554732381,0.16749459709769055,0.019372061896938884
