window,slope,intercept,r2,rmse,max_residual,d_est,abs_error,rel_error,std_err,iteration
full,-1.7520252702441093,0.01471936974492305,0.9961158132030586,0.21781507689618157,0.38030716634969663,1.7520252702441093,0.16706276952295296,0.1054048720060819,0.03868036013833222,2
coarse,-1.5138545892099766,0.4985985627722549,0.9988594814382916,0.050144534180039696,0.06305174518203316,1.5138545892099766,0.07110791151117968,0.044864097086729594,0.02953401662626442,2
fine,-1.9491411239469547,-1.0669402010322049,0.9999260810890819,0.01642773070954873,0.02116651956835902,1.9491411239469547,0.3641786232257984,0.22977112900784563,0.009675568431173955,2
slide_1_to_5,-1.5138545892099766,0.4985985627722549,0.9988594814382916,0.050144534180039696,0.06305174518203316,1.5138545892099766,0.07110791151117968,0.044864097086729594,0.02953401662626442,2
slide_2_to_6,-1.6172111448166007,0.25291699275229185,0.9984246291099593,0.06297105214746795,0.08176730084902051,1.6172111448166007,0.03224864409544437,0.020346629072152348,0.037088550756489064,2
slide_3_to_7,-1.72750781736594,-0.08794115461345609,0.9982815576640811,0.07025891487441491,0.09702633502181168,1.72750781736594,0.14254531664478365,0.0899360815034587,0.041380939996254314,2
slide_4_to_8,-1.8286640046589806,-0.4781260717363649,0.9988618818793205,0.06050835193277789,0.08082171011494665,1.8286640046589806,0.2437015039378243,0.15375852982448504,0.03563807504112799,2
slide_5_to_9,-1.9084443427042759,-0.8503340250751314,0.9997604616708186,0.02895739478329021,0.038288323446960426,1.9084443427042759,0.3234818419831196,0.20409431884725077,0.017055262212879247,2
slide_6_to_10,-1.9491411239469547,-1.0669402010322049,0.9999260810890819,0.01642773070954873,0.02116651956835902,1.9491411239469547,0.3641786232257984,0.22977112900784563,0.009675568431173955,2
