window,slope,intercept,r2,d_est,abs_error,rel_error,iteration
full,-1.7520252702441088,0.014719369744924826,0.9961158132030582,1.7520252702441088,0.16706276952295251,0.10540487200608162,2
coarse,-1.5138545892099766,0.4985985627722549,0.9988594814382916,1.5138545892099766,0.07110791151117968,0.044864097086729594,2
fine,-1.9491411239469547,-1.0669402010322049,0.9999260810890819,1.9491411239469547,0.3641786232257984,0.22977112900784563,2
slide_1_to_5,-1.5138545892099766,0.4985985627722549,0.9988594814382916,1.5138545892099766,0.07110791151117968,0.044864097086729594,2
slide_2_to_6,-1.6172111448166009,0.25291699275229096,0.9984246291099595,1.6172111448166009,0.03224864409544459,0.02034662907215249,2
slide_3_to_7,-1.72750781736594,-0.08794115461345609,0.9982815576640809,1.72750781736594,0.14254531664478365,0.0899360815034587,2
slide_4_to_8,-1.8286640046589806,-0.4781260717363649,0.9988618818793202,1.8286640046589806,0.2437015039378243,0.15375852982448504,2
slide_5_to_9,-1.9084443427042759,-0.8503340250751314,0.9997604616708186,1.9084443427042759,0.3234818419831196,0.20409431884725077,2
slide_6_to_10,-1.9491411239469547,-1.0669402010322049,0.9999260810890819,1.9491411239469547,0.3641786232257984,0.22977112900784563,2
