window,slope,intercept,r2,rmse,max_residual,d_est,abs_error,rel_error,std_err,iteration
full,-1.5796109209859444,0.3832033369651704,0.9995037843201459,0.07007217263201326,0.1374624211817217,1.5796109209859444,0.005351579735211942,0.0033764708835552757,0.012443660520221859,6
coarse,-1.5298764043913584,0.4864344092523414,0.9990080529021199,0.04725595740579102,0.06257398687270221,1.5298764043913584,0.055086096329797885,0.03475545718257294,0.02783270907855233,6
fine,-1.628663953257017,0.11138451640726643,0.9988642804934366,0.0538337017741822,0.06935530321717742,1.628663953257017,0.043701452535860774,0.02757254667916538,0.031706854381054396,6
slide_1_to_5,-1.5298764043913584,0.4864344092523414,0.9990080529021199,0.04725595740579102,0.06257398687270221,1.5298764043913584,0.055086096329797885,0.03475545718257294,0.02783270907855233,6
slide_2_to_6,-1.5829974223821275,0.34468536426966345,0.9998602235288545,0.01834712655776242,0.025763592876208108,1.5829974223821275,0.001965078339028814,0.0012398263921920584,0.010806049944662893,6
slide_3_to_7,-1.587199603441209,0.3201526480183414,0.9999159409523404,0.014265351980857311,0.019938132969599565,1.587199603441209,0.0022371027200527305,0.0014114546678769063,0.00840197539914329,6
slide_4_to_8,-1.5690846784146948,0.3877959569130214,0.999883925205926,0.01657223214433977,0.02581826371076268,1.5690846784146948,0.01587782230646151,0.010017790515067149,0.00976067656602208,6
slide_5_to_9,-1.5759148729045966,0.36925176120778236,0.9997879184795899,0.02249938695790348,0.03471953743041212,1.5759148729045966,0.009047627816559656,0.005708417588708247,0.013251639074169949,6
slide_6_to_10,-1.628663953257017,0.11138451640726643,0.9988642804934366,0.0538337017741822,0.06935530321717742,1.628663953257017,0.043701452535860774,0.02757254667916538,0.031706854381054396,6
