window,slope,intercept,r2,rmse,max_residual,d_est,abs_error,rel_error,std_err,iteration
full,-1.8084935885148004,-0.05199369422700695,0.9965174086256338,0.21285223943076337,0.4078793747213356,1.8084935885148004,0.22353108779364406,0.14103241413720366,0.03779904217262549,1
coarse,-1.5662884698516046,0.4304767733904513,0.9970984242196858,0.082824753795877,0.10396314539791307,1.5662884698516046,0.01867403086955166,0.011782001694712017,0.04878193995962179,1
fine,-1.974304694721745,-0.9502647826716792,0.9999822423973947,0.008155501267147825,0.011478192972520063,1.974304694721745,0.3893421940005888,0.24564757451576202,0.004803409064578984,1
slide_1_to_5,-1.5662884698516046,0.4304767733904513,0.9970984242196858,0.082824753795877,0.10396314539791307,1.5662884698516046,0.01867403086955166,0.011782001694712017,0.04878193995962179,1
slide_2_to_6,-1.7004788472108738,0.10478937710466507,0.9975558066601974,0.08251081379934196,0.10279574326478524,1.7004788472108738,0.11551634648971754,0.07288270002423257,0.04859703627612125,1
slide_3_to_7,-1.8230664800617673,-0.28649358285618653,0.9988181408852438,0.06147274528329273,0.07905234942782347,1.8230664800617673,0.238103979340611,0.1502268850097551,0.03620608129971931,1
slide_4_to_8,-1.9044263631970648,-0.6079916255996896,0.9996491001088046,0.034976187690423974,0.046299439958480626,1.9044263631970648,0.3194638624759085,0.2015592560269109,0.020600197522297796,1
slide_5_to_9,-1.9502529198608003,-0.8217286368563634,0.9999179377440355,0.017318925416977677,0.02367241257806363,1.9502529198608003,0.365290419139644,0.23047259412978996,0.01020046231513883,1
slide_6_to_10,-1.974304694721745,-0.9502647826716792,0.9999822423973947,0.008155501267147825,0.011478192972520063,1.974304694721745,0.3893421940005888,0.24564757451576202,0.004803409064578984,1
