window,mean_D_est,std_D_est,MAE,MRE
coarse,1.5266816319639294,0.021549282435068033,0.05828086875722679,0.03677113416292755
fine,1.8339529308613491,0.1357694802110542,0.24899043014019295,0.15709547073000313
full,1.6817427862219059,0.08769870302595446,0.0985641454124873,0.06218705197608191
slide_1_to_5,1.5266816319639294,0.021549282435068033,0.05828086875722679,0.03677113416292755
slide_2_to_6,1.601192045487352,0.052337064247824014,0.03302545209552484,0.02083674035221546
slide_3_to_7,1.6597503731973309,0.09700380373872781,0.0755073143316614,0.04763981122411771
slide_4_to_8,1.7084908791899105,0.13672598693299212,0.1295513230847467,0.08173778434871551
slide_5_to_9,1.769901929688352,0.1513457498405077,0.18795530490604903,0.11858659420682166
slide_6_to_10,1.8339529308613491,0.1357694802110542,0.24899043014019295,0.15709547073000313
