window,slope,intercept,r2,d_est,abs_error,rel_error,iteration
full,-1.5796109209859437,0.38320333696517217,0.9995037843201454,1.5796109209859437,0.005351579735212608,0.003376470883555696,6
coarse,-1.5298764043913584,0.4864344092523414,0.9990080529021199,1.5298764043913584,0.055086096329797885,0.03475545718257294,6
fine,-1.628663953257017,0.11138451640726643,0.9988642804934366,1.628663953257017,0.043701452535860774,0.02757254667916538,6
slide_1_to_5,-1.5298764043913584,0.4864344092523414,0.9990080529021199,1.5298764043913584,0.055086096329797885,0.03475545718257294,6
slide_2_to_6,-1.5829974223821275,0.34468536426966345,0.9998602235288545,1.5829974223821275,0.001965078339028814,0.0012398263921920584,6
slide_3_to_7,-1.587199603441209,0.3201526480183414,0.9999159409523404,1.587199603441209,0.0022371027200527305,0.0014114546678769063,6
slide_4_to_8,-1.5690846784146948,0.3877959569130214,0.999883925205926,1.5690846784146948,0.01587782230646151,0.010017790515067149,6
slide_5_to_9,-1.5759148729045969,0.36925176120778147,0.9997879184795904,1.5759148729045969,0.009047627816559434,0.005708417588708107,6
slide_6_to_10,-1.628663953257017,0.11138451640726643,0.9988642804934366,1.628663953257017,0.043701452535860774,0.02757254667916538,6
