window,slope,intercept,r2,d_est,abs_error,rel_error,iteration
full,-1.8084935885148,-0.05199369422700606,0.9965174086256333,1.8084935885148,0.2235310877936436,0.14103241413720338,1
coarse,-1.5662884698516044,0.43047677339045176,0.9970984242196858,1.5662884698516044,0.018674030869551883,0.011782001694712158,1
fine,-1.974304694721745,-0.9502647826716792,0.9999822423973947,1.974304694721745,0.3893421940005888,0.24564757451576202,1
slide_1_to_5,-1.5662884698516044,0.43047677339045176,0.9970984242196858,1.5662884698516044,0.018674030869551883,0.011782001694712158,1
slide_2_to_6,-1.7004788472108738,0.10478937710466507,0.9975558066601974,1.7004788472108738,0.11551634648971754,0.07288270002423257,1
slide_3_to_7,-1.8230664800617673,-0.28649358285618653,0.9988181408852438,1.8230664800617673,0.238103979340611,0.1502268850097551,1
slide_4_to_8,-1.9044263631970648,-0.6079916255996896,0.9996491001088046,1.9044263631970648,0.3194638624759085,0.2015592560269109,1
slide_5_to_9,-1.9502529198608003,-0.8217286368563634,0.9999179377440355,1.9502529198608003,0.365290419139644,0.23047259412978996,1
slide_6_to_10,-1.974304694721745,-0.9502647826716792,0.9999822423973947,1.974304694721745,0.3893421940005888,0.24564757451576202,1
