window,slope,intercept,r2,rmse,max_residual,d_est,abs_error,rel_error,std_err,iteration
full,-1.607093534733214,0.30806273954001995,0.998699604664343,0.115455294080341,0.2284609482320974,1.607093534733214,0.022131034012057738,0.013963127835509131,0.020502953324176173,5
coarse,-1.5285824988206083,0.4818514814129955,0.9986647074169095,0.05479080850289044,0.07693049088922699,1.5285824988206083,0.05638000190054804,0.035571820705471074,0.03227056898127968,5
fine,-1.7235821914574607,-0.34841716458098126,0.9984351755080532,0.06688755759854846,0.083498363386596,1.7235821914574607,0.13861969073630442,0.08745928731640819,0.03939528545849289,5
slide_1_to_5,-1.5285824988206083,0.4818514814129955,0.9986647074169095,0.05479080850289044,0.07693049088922699,1.5285824988206083,0.05638000190054804,0.035571820705471074,0.03227056898127968,5
slide_2_to_6,-1.5758347892218152,0.3495662149580454,0.9997110767183884,0.02626063118676899,0.0429036000340659,1.5758347892218152,0.009127711499341107,0.005758944766950642,0.0154669283655362,5
slide_3_to_7,-1.582804175154697,0.3148368440452307,0.9998178403927074,0.020942727689453884,0.03439263608243337,1.582804175154697,0.0021583255664592293,0.0013617518177730977,0.012334801347615908,5
slide_4_to_8,-1.5827714891796405,0.32628345487754373,0.9998182589538945,0.020918216685816463,0.032438657221649514,1.5827714891796405,0.002191011541515797,0.0013823743719607808,0.012320364910996985,5
slide_5_to_9,-1.6295179732592064,0.13443411020616747,0.9988765740499808,0.0535692943473796,0.06993202162902712,1.6295179732592064,0.044555472538050145,0.028111373308691814,0.03155112428071832,5
slide_6_to_10,-1.7235821914574607,-0.34841716458098126,0.9984351755080532,0.06688755759854846,0.083498363386596,1.7235821914574607,0.13861969073630442,0.08745928731640819,0.03939528545849289,5
