window,slope,intercept,r2,d_est,abs_error,rel_error,iteration
full,-1.6070935347332138,0.30806273954002084,0.9986996046643426,1.6070935347332138,0.022131034012057516,0.01396312783550899,5
coarse,-1.5285824988206083,0.4818514814129955,0.9986647074169095,1.5285824988206083,0.05638000190054804,0.035571820705471074,5
fine,-1.7235821914574607,-0.34841716458098126,0.9984351755080532,1.7235821914574607,0.13861969073630442,0.08745928731640819,5
slide_1_to_5,-1.5285824988206083,0.4818514814129955,0.9986647074169095,1.5285824988206083,0.05638000190054804,0.035571820705471074,5
slide_2_to_6,-1.5758347892218152,0.3495662149580454,0.9997110767183884,1.5758347892218152,0.009127711499341107,0.005758944766950642,5
slide_3_to_7,-1.582804175154697,0.3148368440452307,0.9998178403927074,1.582804175154697,0.0021583255664592293,0.0013617518177730977,5
slide_4_to_8,-1.5827714891796403,0.3262834548775446,0.9998182589538943,1.5827714891796403,0.002191011541516019,0.001382374371960921,5
slide_5_to_9,-1.6295179732592064,0.13443411020616747,0.9988765740499808,1.6295179732592064,0.044555472538050145,0.028111373308691814,5
slide_6_to_10,-1.7235821914574607,-0.34841716458098126,0.9984351755080532,1.7235821914574607,0.13861969073630442,0.08745928731640819,5
