window,slope,intercept,r2,rmse,max_residual,d_est,abs_error,rel_error,std_err,iteration
full,-1.7586560070072013,-0.030644946723977995,0.9959338364097917,0.22372293848833003,0.4210754063262254,1.7586560070072013,0.17369350628604496,0.10958840111801674,0.03972949878056229,2
coarse,-1.5128462546075188,0.4665394390271369,0.9978510420492784,0.06882026720298093,0.09427335740508869,1.5128462546075188,0.07211624611363754,0.0455002853889759,0.040533608478628885,2
fine,-1.9541062357356678,-1.1004885218486251,0.9999427395727006,0.014495338315521255,0.01849427208928134,1.9541062357356678,0.3691437350145115,0.2329037657651531,0.008537432240916767,2
slide_1_to_5,-1.5128462546075188,0.4665394390271369,0.9978510420492784,0.06882026720298093,0.09427335740508869,1.5128462546075188,0.07211624611363754,0.0455002853889759,0.040533608478628885,2
slide_2_to_6,-1.6363481688338302,0.16258774940542153,0.9987376329066102,0.05702736419141925,0.07693664987435778,1.6363481688338302,0.051385668112673866,0.032420746919434015,0.033587850594731246,2
slide_3_to_7,-1.7367535116411679,-0.14272430226451416,0.9981257281893184,0.07377382582962756,0.09875237412112803,1.7367535116411679,0.15179101092001157,0.0957694651141253,0.043451144461976614,2
slide_4_to_8,-1.8409606156427867,-0.5471760859241837,0.9989670229308002,0.058030287329821496,0.07767843313502443,1.8409606156427867,0.2559981149216304,0.16151682756226188,0.03417855004241567,2
slide_5_to_9,-1.9165720197400875,-0.9004742919010322,0.9997963757626314,0.026811712802811458,0.03579415600908131,1.9165720197400875,0.3316095190189312,0.20922231211656378,0.015791503194622355,2
slide_6_to_10,-1.9541062357356678,-1.1004885218486251,0.9999427395727006,0.014495338315521255,0.01849427208928134,1.9541062357356678,0.3691437350145115,0.2329037657651531,0.008537432240916767,2
