window,slope,intercept,r2,rmse,max_residual,d_est,abs_error,rel_error,std_err,iteration
full,-1.6529157174095,0.15454185115247476,0.9970640908063212,0.17857181648031686,0.3091821920560114,1.6529157174095,0.06795321668834364,0.0428737062595645,0.031711405245408775,4
coarse,-1.4953536863574508,0.49078928775371145,0.9984286704134185,0.05815131054137071,0.0821484330418012,1.4953536863574508,0.08960881436370549,0.05653686716432318,0.03424983002537736,4
fine,-1.8415187888117557,-0.8999020501870412,0.9993221611329778,0.047013987513869135,0.059071283162988486,1.8415187888117557,0.2565562880905994,0.1618689956222097,0.02769019418779221,4
slide_1_to_5,-1.4953536863574508,0.49078928775371145,0.9984286704134185,0.05815131054137071,0.0821484330418012,1.4953536863574508,0.08960881436370549,0.05653686716432318,0.03424983002537736,4
slide_2_to_6,-1.5620820205172445,0.31095740117384185,0.9999739749073329,0.007811709531524929,0.010356680330843915,1.5620820205172445,0.022880480203911757,0.014435975736650654,0.004600923369957972,4
slide_3_to_7,-1.5978014226289257,0.20770031373167885,0.999645927657246,0.029477195656450725,0.041073853765658086,1.5978014226289257,0.012838921907769363,0.00810045783539211,0.017361413379328734,4
slide_4_to_8,-1.6625017292053363,-0.029090408786341726,0.9990073732920477,0.051370192825980335,0.0672293374077837,1.6625017292053363,0.07753922848418004,0.04892180631964464,0.030255902339620017,4
slide_5_to_9,-1.7511900446943052,-0.4251276697236417,0.9988101578295607,0.059248442993029546,0.07299316060735261,1.7511900446943052,0.16622754397314887,0.10487790335576741,0.03489601666562379,4
slide_6_to_10,-1.8415187888117557,-0.8999020501870412,0.9993221611329778,0.047013987513869135,0.059071283162988486,1.8415187888117557,0.2565562880905994,0.1618689956222097,0.02769019418779221,4
