window,slope,intercept,r2,rmse,max_residual,d_est,abs_error,rel_error,std_err,iteration
full,-1.6210071621005289,0.18995252331408174,0.9980364038154941,0.14314964240203526,0.29588884504255875,1.6210071621005289,0.03604466137937257,0.02274164932165416,0.025421012175498043,5
coarse,-1.5079067745658365,0.429361167520959,0.9956893830937775,0.09725741605914028,0.13487541557559068,1.5079067745658365,0.07705572615531975,0.048616750314445595,0.057282457398157384,5
fine,-1.7493388024830603,-0.525892194335345,0.9988545295395129,0.058070452963408986,0.07375318060052116,1.7493388024830603,0.164376301761904,0.1037098995636256,0.03420220670828674,5
slide_1_to_5,-1.5079067745658365,0.429361167520959,0.9956893830937775,0.09725741605914028,0.13487541557559068,1.5079067745658365,0.07705572615531975,0.048616750314445595,0.057282457398157384,5
slide_2_to_6,-1.600116498628513,0.17017872897040043,0.99984226369963,0.019701175601501166,0.03179154494608971,1.600116498628513,0.01515399790735672,0.009561108165310956,0.011603554750014726,5
slide_3_to_7,-1.6032325886568228,0.15679706057824383,0.9998556823053641,0.018881136102289812,0.032827333214195065,1.6032325886568228,0.018270087935666535,0.011527142078978944,0.011120569702886624,5
slide_4_to_8,-1.6079669483841679,0.15283382189762218,0.9997821380958481,0.023267811529125337,0.031452819799945075,1.6079669483841679,0.023004447663011574,0.014514190495071381,0.01370422407535024,5
slide_5_to_9,-1.6675939699484652,-0.10698005915113207,0.9992514697607053,0.044740213471324196,0.05899646425720739,1.6675939699484652,0.0826314692273089,0.052134652516833475,0.026350991790662713,5
slide_6_to_10,-1.7493388024830603,-0.525892194335345,0.9988545295395129,0.058070452963408986,0.07375318060052116,1.7493388024830603,0.164376301761904,0.1037098995636256,0.03420220670828674,5
