window,slope,intercept,r2,d_est,abs_error,rel_error,iteration
full,-1.6467026964396247,0.21456857775686444,0.9975767762892314,1.6467026964396247,0.06174019571846845,0.03895372647010685,4
coarse,-1.5165223967670458,0.4985703328843796,0.9989976677271535,1.5165223967670458,0.06844010395411049,0.043180897922171856,4
fine,-1.8248505578834335,-0.7865923573836398,0.9991052498392344,1.8248505578834335,0.23988805716227724,0.15135251279013126,4
slide_1_to_5,-1.5165223967670458,0.4985703328843796,0.9989976677271535,1.5165223967670458,0.06844010395411049,0.043180897922171856,4
slide_2_to_6,-1.5612526239353512,0.37570926235451463,0.9998129139577454,1.5612526239353512,0.02370987678580505,0.014959266717677598,4
slide_3_to_7,-1.593725534215526,0.27323304440248997,0.9998642671519122,1.593725534215526,0.008763033494369799,0.005528858563141164,4
slide_4_to_8,-1.637730199323442,0.122611090562323,0.9990610595646167,1.637730199323442,0.052767698602285806,0.03329271107567312,4
slide_5_to_9,-1.7259261889464936,-0.2672691337183135,0.9985167082654763,1.7259261889464936,0.14096368822533734,0.08893818507453584,4
slide_6_to_10,-1.8248505578834335,-0.7865923573836398,0.9991052498392344,1.8248505578834335,0.23988805716227724,0.15135251279013126,4
