window,slope,intercept,r2,d_est,abs_error,rel_error,iteration
full,-1.6965307064137445,0.1102438572467701,0.9965494616889484,1.6965307064137445,0.11156820569258818,0.07039170052403433,3
coarse,-1.504965432742982,0.5127734550342855,0.9992071744720109,1.504965432742982,0.0799970679781743,0.05047253038590863,3
fine,-1.903175063901483,-1.0398165826964743,0.9997281094261498,1.903175063901483,0.31821256318032676,0.20076977407070537,3
slide_1_to_5,-1.504965432742982,0.5127734550342855,0.9992071744720109,1.504965432742982,0.0799970679781743,0.05047253038590863,3
slide_2_to_6,-1.5693774453573435,0.3520814847938585,0.9996045922187474,1.5693774453573435,0.015585055363812828,0.009833075140087948,3
slide_3_to_7,-1.6441986289448474,0.1260087301444841,0.9990570097570219,1.6441986289448474,0.059236128223691065,0.037373835782700655,3
slide_4_to_8,-1.7282685403656401,-0.18460301846709015,0.9983453652583915,1.7282685403656401,0.14330603964448385,0.0904160442781957,3
slide_5_to_9,-1.8293552804547388,-0.6470974701139429,0.9991361534433141,1.8293552804547388,0.24439277973358253,0.1541946762919527,3
slide_6_to_10,-1.903175063901483,-1.0398165826964743,0.9997281094261498,1.903175063901483,0.31821256318032676,0.20076977407070537,3
