window,slope,intercept,r2,rmse,max_residual,d_est,abs_error,rel_error,std_err,iteration
full,-1.6467026964396245,0.21456857775686533,0.9975767762892309,0.1615813460927657,0.2921258550314274,1.6467026964396245,0.06174019571846823,0.038953726470106705,0.028694178325791023,4
coarse,-1.516522396767046,0.49857033288437913,0.9989976677271539,0.04708828867807881,0.06857106515353495,1.516522396767046,0.06844010395411027,0.04318089792217172,0.02773395592284196,4
fine,-1.8248505578834338,-0.7865923573836415,0.9991052498392347,0.0535319465408383,0.0683435371533152,1.8248505578834338,0.23988805716227746,0.1513525127901314,0.03152912725237199,4
slide_1_to_5,-1.516522396767046,0.49857033288437913,0.9989976677271539,0.04708828867807881,0.06857106515353495,1.516522396767046,0.06844010395411027,0.04318089792217172,0.02773395592284196,4
slide_2_to_6,-1.5612526239353515,0.37570926235451374,0.9998129139577456,0.02093509630415402,0.038723887166220106,1.5612526239353515,0.02370987678580483,0.014959266717677458,0.012330306631202098,4
slide_3_to_7,-1.593725534215526,0.27323304440248997,0.9998642671519122,0.018202286539696518,0.030259913559251395,1.593725534215526,0.008763033494369799,0.005528858563141164,0.01072074239176068,4
slide_4_to_8,-1.637730199323442,0.122611090562323,0.9990610595646167,0.04921594421415825,0.06477660693210474,1.637730199323442,0.052767698602285806,0.03329271107567312,0.028987097765821358,4
slide_5_to_9,-1.7259261889464936,-0.2672691337183135,0.9985167082654763,0.06520761226502583,0.08080677339509457,1.7259261889464936,0.14096368822533734,0.08893818507453584,0.038405834978542025,4
slide_6_to_10,-1.8248505578834338,-0.7865923573836415,0.9991052498392347,0.0535319465408383,0.0683435371533152,1.8248505578834338,0.23988805716227746,0.1513525127901314,0.03152912725237199,4
